{
    "$schema-template": "2.0.0",
    "modulesContent": {
        "$edgeAgent": {
            "properties.desired": {
                "schemaVersion": "1.0",
                "runtime": {
                    "type": "docker",
                    "settings": {
                        "minDockerVersion": "v1.25",
                        "loggingOptions": "",
                        "registryCredentials": {}
                    }
                },
                "systemModules": {
                    "edgeAgent": {
                        "type": "docker",
                        "settings": {
                            "image": "mcr.microsoft.com/azureiotedge-agent:1.0.9.5",
                            "createOptions": "{}"
                        }
                    },
                    "edgeHub": {
                        "type": "docker",
                        "status": "running",
                        "restartPolicy": "always",
                        "settings": {
                            "image": "mcr.microsoft.com/azureiotedge-hub:1.0",
                            "createOptions": "{\"HostConfig\":{\"Binds\":[],\"NetworkMode\":\"Host\",\"Devices\":[]}}"
                        }
                    }
                },
                "modules": {
                    "NginxModule": {
                        "version": "1.0",
                        "type": "docker",
                        "status": "running",
                        "restartPolicy": "always",
                        "settings": {
                            "image": "intelligentedge/nginxmodule:0.1.39-amd64",
                            "createOptions": "{\"HostConfig\":{\"LogConfig\":{\"Type\":\"\",\"Config\":{\"max-size\":\"10m\",\"max-file\":\"10\"}},\"Binds\":[],\"NetworkMode\":\"Host\",\"Devices\":[]}}"
                        }
                    },
                    "WebModule": {
                        "version": "1.0",
                        "type": "docker",
                        "status": "running",
                        "restartPolicy": "always",
                        "env": {
                            "TRAINING_KEY": {
                                "value": "fb009842d681410a9af47c7ceeeaf33d"
                            },
                            "ENDPOINT": {
                                "value": "https://eastus.api.cognitive.microsoft.com/"
                            },
                            "DBNAME": {
                                "value": "vision_on_edge"
                            },
                            "DBHOST": {
                                "value": "172.18.0.1"
                            },
                            "DBUSER": {
                                "value": "vision_on_edge"
                            },
                            "DBPASS": {
                                "value": "vision_on_edge"
                            }
                        },
                        "settings": {
                            "image": "intelligentedge/webmodule:0.1.39-amd64",
                            "createOptions": "{\"HostConfig\":{\"LogConfig\":{\"Type\":\"\",\"Config\":{\"max-size\":\"10m\",\"max-file\":\"10\"}},\"Binds\":[],\"NetworkMode\":\"Host\",\"Devices\":[]}}"
                        }
                    },
                    "InferenceModule": {
                        "version": "1.0",
                        "type": "docker",
                        "status": "running",
                        "restartPolicy": "always",
                        "env": {
                            "IOTHUB_CONNECTION_STRING": {
                                "value": "HostName=customvision.azure-devices.net;SharedAccessKeyName=iothubowner;SharedAccessKey=1If/+cNQswsLkTKejbjWQZMpBt2q96x/z3vapuB3Ew0="
                            },
                            "IS_OPENCV": {
                                "value": "true"
                            }
                        },
                        "settings": {
                            "image": "intelligentedge/inferencemodule:0.1.39-cpuamd64",
                            "createOptions": "{\"HostConfig\":{\"LogConfig\":{\"Type\":\"\",\"Config\":{\"max-size\":\"10m\",\"max-file\":\"10\"}},\"NetworkMode\":\"host\",\"runtime\":\"runc\"}}"
                        }
                    },
                    "CVCaptureModule": {
                        "version": "1.0",
                        "type": "docker",
                        "status": "running",
                        "restartPolicy": "always",
                        "settings": {
                            "image": "intelligentedge/cameramodule:0.1.39-amd64",
                            "createOptions": "{\"HostConfig\":{\"LogConfig\":{\"Type\":\"\",\"Config\":{\"max-size\":\"10m\",\"max-file\":\"10\"}},\"Binds\":[],\"NetworkMode\":\"Host\",\"Devices\":[],\"runtime\":\"runc\"}}"
                        }
                    },
                    "rtspsim": {
                        "version": "1.0",
                        "type": "docker",
                        "status": "running",
                        "restartPolicy": "always",
                        "settings": {
                            "image": "intelligentedge/rtspsimmodule:0.1.39-amd64",
                            "createOptions": "{\"HostConfig\":{\"Mounts\":[{\"Target\":\"/live/mediaServer/media/upload\",\"Source\":\"upload_data\",\"Type\":\"volume\"}],\"LogConfig\":{\"Type\":\"\",\"Config\":{\"max-size\":\"10m\",\"max-file\":\"10\"}},\"Binds\":[],\"NetworkMode\":\"Host\",\"Devices\":[]}}"
                        }
                    },
                    "UploadModule": {
                        "version": "1.0",
                        "type": "docker",
                        "status": "running",
                        "restartPolicy": "always",
                        "settings": {
                            "image": "intelligentedge/uploadmodule:0.1.39-amd64",
                            "createOptions": "{\"HostConfig\":{\"Mounts\":[{\"Target\":\"/app/upload\",\"Source\":\"upload_data\",\"Type\":\"volume\"}],\"LogConfig\":{\"Type\":\"\",\"Config\":{\"max-size\":\"10m\",\"max-file\":\"10\"}},\"Binds\":[],\"NetworkMode\":\"Host\",\"Devices\":[]}}"
                        }
                    }
                }
            }
        },
        "$edgeHub": {
            "properties.desired": {
                "schemaVersion": "1.0",
                "routes": {
                    "metrics": "FROM /messages/modules/InferenceModule/outputs/metrics INTO $upstream",
                    "InferenceToLVA": "FROM /messages/modules/InferenceModule/outputs/InferenceToLVA INTO BrokeredEndpoint(\"/modules/lvaEdge/inputs/recordingTrigger\")"
                },
                "storeAndForwardConfiguration": {
                    "timeToLiveSecs": 7200
                }
            }
        },
        "WebModule": {
            "properties.desired": {}
        },
        "VisionSampleModule": {
            "properties.desired": {}
        }
    }
}