{
    "$schema": "http://schema.management.azure.com/schemas/2014-04-01-preview/deploymentTemplate.json#",
    "contentVersion": "1.0.0.0",
    "parameters": {
      "nameTraining": {
        "type": "string",
        "defaultValue": "favCustomVisionService"
      },
      "location": {
        "type": "string",
        "defaultValue": "westus2",
        "allowedValues": [
          "westus2",
          "eastus",
          "centralus",
          "northcentralus",
          "westus",
          "southcentralus"
        ]
      },
      "skuTraining": {
        "type": "string",
        "defaultValue": "F0",
        "allowedValues": [
          "F0",
          "S0"
        ],
        "metadata": {
          "description": "Describes the pricing tier for Training"
        }
      },
      "skuPrediction": {
        "type": "string",
        "defaultValue": "F0",
        "allowedValues": [
          "F0",
          "S0"
        ],
        "metadata": {
          "description": "Describes the pricing tier for Prediction"
        }
      }
    },
    "variables": {
        "namePrediction": "[concat(take(replace(parameters('nameTraining'),'-',''), 18), '_Prediction')]"
      },
      "resources": [
        {
          "apiVersion": "2016-02-01-preview",
          "name": "[parameters('nameTraining')]",
          "type": "Microsoft.CognitiveServices/accounts",
          "location": "[parameters('location')]",
          "kind": "CustomVision.Training",
          "sku": {
            "name": "[parameters('skuTraining')]"
          },
          "properties": {}
        },
        {
          "apiVersion": "2016-02-01-preview",
          "name": "[variables('namePrediction')]",
          "type": "Microsoft.CognitiveServices/accounts",
          "location": "[parameters('location')]",
          "kind": "CustomVision.Prediction",
          "sku": {
            "name": "[parameters('skuPrediction')]"
          },
          "properties": {}
        }
      ],
      "outputs": {
        "Training API Key": {
          "type": "string",
          "value": "[listKeys(resourceId('Microsoft.CognitiveServices/accounts', parameters('nameTraining')), providers('Microsoft.CognitiveServices', 'accounts').apiVersions[0]).key1]"
        },
        "Training Endpoint": {
          "type": "string",
          "value": "[reference(resourceId('Microsoft.CognitiveServices/accounts', parameters('nameTraining')), providers('Microsoft.CognitiveServices', 'accounts').apiVersions[0]).endpoint]"
        }
      }
  }