{
  "$schema-version": "0.0.1",
  "description": "",
  "image": {
    "repository": "${CONTAINER_REGISTRY_NAME}/intelligentedge/webmodule",
    "tag": {
      "version": "0.34.0",
      "platforms": {
        "amd64": "./dockerfiles/Dockerfile.amd64",
        "amd64.backend_only": "./dockerfiles/Dockerfile.amd64.backend_only",
        "amd64.debug": "./dockerfiles/Dockerfile.amd64.debug",
        "arm64v8": "./dockerfiles/Dockerfile.arm64v8",
        "arm64v8.debug": "./dockerfiles/Dockerfile.arm64v8.debug"
      }
    },
    "buildOptions": ["--build-arg GIT_LOG=$(git rev-parse HEAD)"],
    "contextPath": "./"
  },
  "language": "python"
}