{
  "$schema-version": "0.0.1",
  "description": "",
  "image": {
    "repository": "${CONTAINER_REGISTRY_NAME}/intelligentedge/inferencemodule",
    "tag": {
      "version": "0.11.0",
      "platforms": {
        "amd64": "./dockerfiles/Dockerfile.amd64",
        "amd64.debug": "./dockerfiles/Dockerfile.amd64.debug",
        "arm64v8": "./dockerfiles/Dockerfile.arm64v8",
        "arm64v8.debug": "./dockerfiles/Dockerfile.arm64v8.debug"
      }
    },
    "buildOptions": [],
    "contextPath": "./"
  },
  "language": "python"
}