{
  "$schema-version": "0.0.1",
  "description": "",
  "image": {
    "repository": "${CONTAINER_REGISTRY_NAME}/intelligentedge/predictmodule",
    "tag": {
      "version": "0.14.0",
      "platforms": {
        "cpuamd64": "./dockerfiles/Dockerfile.cpuamd64",
        "gpuamd64": "./dockerfiles/Dockerfile.gpuamd64",
        "vpuamd64": "./dockerfiles/Dockerfile.vpuamd64",
        "gpuarm64v8": "./dockerfiles/Dockerfile.gpuarm64v8",
        "cpuarm64v8": "./dockerfiles/Dockerfile.cpuarm64v8",
        "jetsonarm64v8": "./dockerfiles/Dockerfile.jetsonarm64v8"
      }
    },
    "buildOptions": [],
    "contextPath": "./"
  },
  "language": "python"
}