{
  "$schema-version": "0.0.1",
  "description": "",
  "image": {
    "repository": "${CONTAINER_REGISTRY_NAME}/intelligentedge/webmodule",
    "tag": {
      "version": "0.3.549",
      "platforms": {
        "amd64": "./dockerfiles/Dockerfile.amd64",
        "amd64.backend_only": "./dockerfiles/Dockerfile.amd64.backend_only",
        "amd64.debug": "./dockerfiles/Dockerfile.amd64.debug",
        "arm32v7": "./dockerfiles/Dockerfile.arm32v7",
        "arm32v7.debug": "./dockerfiles/Dockerfile.arm32v7.debug",
        "arm64v8": "./dockerfiles/Dockerfile.arm64v8",
        "arm64v8-ubuntu": "./dockerfiles/Dockerfile.arm64v8-ubuntu",
        "arm64v8.debug": "./dockerfiles/Dockerfile.arm64v8.debug"
      }
    },
    "buildOptions": [],
    "contextPath": "./"
  },
  "language": "python"
}
