{
  "$schema-version": "0.0.1",
  "description": "",
  "image": {
    "repository": "intelligentedge/visionsamplemodule",
    "tag": {
      "version": "0.4.0",
      "platforms": {
        "cpuamd64": "./Dockerfile.cpuamd64",
        "gpuamd64": "./Dockerfile.gpuamd64",
        "amd64": "./Dockerfile.amd64",
        "amd64.debug": "./Dockerfile.amd64.debug",
        "arm32v7": "./Dockerfile.arm32v7",
        "arm32v7.debug": "./Dockerfile.arm32v7.debug"
      }
    },
    "buildOptions": [],
    "contextPath": "./"
  },
  "language": "python"
}