{
    "$schema-template": "2.0.0",
    "modulesContent": {
        "$edgeAgent": {
            "properties.desired": {
                "schemaVersion": "1.0",
                "runtime": {
                    "type": "docker",
                    "settings": {
                        "minDockerVersion": "v1.25",
                        "loggingOptions": "",
                        "registryCredentials": {}
                    }
                },
                "systemModules": {
                    "edgeAgent": {
                        "type": "docker",
                        "settings": {
                            "image": "mcr.microsoft.com/azureiotedge-agent:1.1",
                            "createOptions": {}
                        }
                    },
                    "edgeHub": {
                        "type": "docker",
                        "status": "running",
                        "restartPolicy": "always",
                        "settings": {
                            "image": "mcr.microsoft.com/azureiotedge-hub:1.1",
                            "createOptions": {
                                "HostConfig": {
                                    "PortBindings": {
                                        "5671/tcp": [{
                                            "HostPort": "5671"
                                        }],
                                        "8883/tcp": [{
                                            "HostPort": "8883"
                                        }],
                                        "443/tcp": [{
                                            "HostPort": "443"
                                        }]
                                    }
                                }
                            }
                        }
                    }
                },
                "modules": {
                    "avaedge": {
                        "version": "1.1",
                        "type": "docker",
                        "status": "running",
                        "restartPolicy": "always",
                        "settings": {
                            "image": "mcr.microsoft.com/media/video-analyzer:1",
                            "createOptions": {
                                "HostConfig": {
                                    "LogConfig": {
                                        "Type": "",
                                        "Config": {
                                            "max-size": "10m",
                                            "max-file": "10"
                                        }
                                    },
                                    "Binds": [
                                        "/var/media/:/var/media/",
                                        "/var/lib/videoanalyzer:/var/lib/videoanalyzer"
                                    ]
                                }
                            }
                        }
                    },
                    "yolov3": {
                        "version": "1.0",
                        "type": "docker",
                        "status": "running",
                        "restartPolicy": "always",
                        "settings": {
                            "image": "mcr.microsoft.com/lva-utilities/yolov3-onnx:1.0",
                            "createOptions": {}
                        }
                    },
                    "rtspsim": {
                        "version": "1.0",
                        "type": "docker",
                        "status": "running",
                        "restartPolicy": "always",
                        "settings": {
                            "image": "mcr.microsoft.com/lva-utilities/rtspsim-live555:1.2",
                            "createOptions": {
                                "HostConfig": {
                                    "LogConfig": {
                                        "Type": "",
                                        "Config": {
                                            "max-size": "10m",
                                            "max-file": "10"
                                        }
                                    },
                                    "Binds": [
                                        "/live/mediaServer/media:/live/mediaServer/media"
                                    ]
                                }
                            }
                        }
                    }
                }
            }
        },
        "$edgeHub": {
            "properties.desired": {
                "schemaVersion": "1.0",
                "routes": {
                    "AVAToHub": "FROM /messages/modules/avaedge/outputs/* INTO $upstream"
                },
                "storeAndForwardConfiguration": {
                    "timeToLiveSecs": 7200
                }
            }
        },
        "avaedge": {
            "properties.desired": {
                "applicationDataDirectory": "/var/lib/videoanalyzer",
                "ProvisioningToken": "$AVA_PROVISIONING_TOKEN",
                "diagnosticsEventsOutputName": "diagnostics",
                "operationalEventsOutputName": "operational",
                "logLevel": "information",
                "logCategories": "application, events",
                "debugLogsDirectory": "/tmp/logs",
                "allowUnsecuredEndpoints": true,
                "telemetryOptOut": false
            }
        }
    }
}