{
    "$schema-template": "2.0.0",
    "modulesContent": {
        "$edgeAgent": {
            "properties.desired": {
                "schemaVersion": "1.0",
                "runtime": {
                    "type": "docker",
                    "settings": {
                        "minDockerVersion": "v1.25",
                        "loggingOptions": "",
                        "registryCredentials": {
                            "intelcustomvision": {
                                "username": "$CONTAINER_REGISTRY_USERNAME",
                                "password": "$CONTAINER_REGISTRY_PASSWORD",
                                "address": "$CONTAINER_REGISTRY_NAME"
                            }
                        }
                    }
                },
                "systemModules": {
                    "edgeAgent": {
                        "type": "docker",
                        "settings": {
                            "image": "mcr.microsoft.com/azureiotedge-agent:1.1",
                            "createOptions": "{}"
                        }
                    },
                    "edgeHub": {
                        "type": "docker",
                        "status": "running",
                        "restartPolicy": "always",
                        "settings": {
                            "image": "mcr.microsoft.com/azureiotedge-hub:1.1",
                            "createOptions": "{ \"HostConfig\": { \"PortBindings\": { \"5671/tcp\": [ { \"HostPort\": \"5671\" } ], \"8883/tcp\": [ { \"HostPort\": \"8883\" } ], \"443/tcp\": [ { \"HostPort\": \"443\" } ] } } }"
                        },
                        "env": {
                            "UpstreamProtocol": {
                                "value": "AMQPWS"
                            }
                        }
                    }
                },
                "modules": {
                    "avaedge": {
                        "version": "1.1",
                        "type": "docker",
                        "status": "running",
                        "restartPolicy": "always",
                        "settings": {
                            "image": "mcr.microsoft.com/media/video-analyzer:1.1.0",
                            "createOptions": {
                                "HostConfig": {
                                    "LogConfig": {
                                        "Type": "",
                                        "Config": {
                                            "max-size": "10m",
                                            "max-file": "10"
                                        }
                                    },
                                    "IpcMode": "host",
                                    "ShmSize": 1536870912
                                }
                            }
                        }
                    },
                    "ovmsadaptor": {
                        "version": "1.1",
                        "type": "docker",
                        "status": "running",
                        "restartPolicy": "always",
                        "startupOrder": 2,
                        "settings": {
                            "image": "${MODULES.OVMSAdaptorModule}",
                            "createOptions": {
                                "HostConfig": {
                                    "Mounts": [{
                                        "Target": "/workspace",
                                        "Source": "ovmsworkspace",
                                        "Type": "volume"
                                    }],
                                    "LogConfig": {
                                        "Type": "",
                                        "Config": {
                                            "max-size": "10m",
                                            "max-file": "10"
                                        }
                                    },
                                    "IpcMode": "host",
                                    "ShmSize": 1536870912
                                }
                            }
                        }
                    },
                    "modelmanager": {
                        "version": "1.1",
                        "type": "docker",
                        "status": "running",
                        "restartPolicy": "always",
                        "startupOrder": 0,
                        "settings": {
                            "image": "${MODULES.ModelManagerModule}",
                            "createOptions": {
                                "HostConfig": {
                                    "Mounts": [{
                                        "Target": "/workspace",
                                        "Source": "ovmsworkspace",
                                        "Type": "volume"
                                    }],
                                    "PortBindings": {
                                        "8585/tcp": [{
                                            "HostPort": "8585"
                                        }]
                                    },
                                    "LogConfig": {
                                        "Type": "",
                                        "Config": {
                                            "max-size": "10m",
                                            "max-file": "10"
                                        }
                                    }
                                }
                            }
                        }
                    },
                    "ovmsserver": {
                        "version": "1.1",
                        "type": "docker",
                        "status": "running",
                        "restartPolicy": "always",
                        "startupOrder": 1,
                        "settings": {
                            "image": "openvino/model_server",
                            "createOptions": {
                                "ExposedPorts": {
                                    "9001/tcp": {},
                                    "8001/tcp": {}
                                },
                                "Cmd": [
                                    "/ovms/bin/ovms --config_path /workspace/config.json --port 9001 --rest_port 8001 --log_level DEBUG"
                                ],
                                "Entrypoint": [
                                    "sh",
                                    "-c"
                                ],
                                "HostConfig": {
                                    "Mounts": [{
                                        "Target": "/workspace",
                                        "Source": "ovmsworkspace",
                                        "Type": "volume"
                                    }],
                                    "PortBindings": {
                                        "9001/tcp": [{
                                            "HostPort": "9001"
                                        }],
                                        "8001/tcp": [{
                                            "HostPort": "8001"
                                        }]
                                    },
                                    "LogConfig": {
                                        "Type": "",
                                        "Config": {
                                            "max-size": "10m",
                                            "max-file": "10"
                                        }
                                    }
                                }
                            }
                        }
                    }
                }
            }
        },
        "$edgeHub": {
            "properties.desired": {
                "schemaVersion": "1.0",
                "routes": {
                    "AVAToHub": "FROM /messages/modules/avaedge/outputs/* INTO $upstream"
                },
                "storeAndForwardConfiguration": {
                    "timeToLiveSecs": 7200
                }
            }
        },
        "avaedge": {
            "properties.desired": {
                "applicationDataDirectory": "/var/lib/videoanalyzer",
                "provisioningToken": "$AVA_PROVISIONING_TOKEN",
                "diagnosticsEventsOutputName": "diagnostics",
                "operationalEventsOutputName": "operational",
                "logLevel": "information",
                "logCategories": "application, events",
                "debugLogsDirectory": "/tmp/logs",
                "allowUnsecuredEndpoints": true,
                "telemetryOptOut": false
            }
        }
    }
}