{
  "$schema-template": "2.0.0",
  "modulesContent": {
    "$edgeAgent": {
      "properties.desired": {
        "schemaVersion": "1.0",
        "runtime": {
          "type": "docker",
          "settings": {
            "minDockerVersion": "v1.25",
            "loggingOptions": "",
            "registryCredentials": {
              "intelcustomvision": {
                "username": "$CONTAINER_REGISTRY_USERNAME",
                "password": "$CONTAINER_REGISTRY_PASSWORD",
                "address": "$CONTAINER_REGISTRY_NAME"
              }
            }
          }
        },
        "systemModules": {
          "edgeAgent": {
            "type": "docker",
            "settings": {
              "image": "mcr.microsoft.com/azureiotedge-agent:1.0",
              "createOptions": {}
            }
          },
          "edgeHub": {
            "type": "docker",
            "status": "running",
            "restartPolicy": "always",
            "settings": {
              "image": "mcr.microsoft.com/azureiotedge-hub:1.0",
              "createOptions": {
                "HostConfig": {
                  "PortBindings": {
                    "5671/tcp": [{
                      "HostPort": "5671"
                    }],
                    "8883/tcp": [{
                      "HostPort": "8883"
                    }],
                    "443/tcp": [{
                      "HostPort": "443"
                    }]
                  }
                }
              }
            }
          }
        },
        "modules": {
          "nginxmodule": {
            "version": "1.0",
            "type": "docker",
            "status": "running",
            "restartPolicy": "always",
            "settings": {
              "image": "${MODULES.NginxModule.amd64}",
              "createOptions": {
                "HostConfig": {
                  "LogConfig": {
                    "Type": "",
                    "Config": {
                      "max-size": "10m",
                      "max-file": "10"
                    }
                  },
                  "PortBindings": {
                    "8181/tcp": [{
                      "HostPort": "8181"
                    }]
                  }
                }
              }
            }
          },
          "webmodule": {
            "version": "1.0",
            "type": "docker",
            "status": "running",
            "restartPolicy": "always",
            "env": {
              "TRAINING_KEY": {
                "value": "$CUSTOM_VISION_TRAINING_KEY"
              },
              "ENDPOINT": {
                "value": "$CUSTOM_VISION_ENDPOINT"
              },
              "DBNAME": {
                "value": "vision_on_edge"
              },
              "DBHOST": {
                "value": "172.18.0.1"
              },
              "DBUSER": {
                "value": "vision_on_edge"
              },
              "DBPASS": {
                "value": "vision_on_edge"
              }
            },
            "settings": {
              "image": "${MODULES.WebModule}",
              "createOptions": {
                "HostConfig": {
                  "Mounts": [{
                    "Target": "/workspace",
                    "Source": "ovmsworkspace",
                    "Type": "volume"
                  }],
                  "LogConfig": {
                    "Type": "",
                    "Config": {
                      "max-size": "10m",
                      "max-file": "10"
                    }
                  },
                  "PortBindings": {
                    "8000/tcp": [{
                      "HostPort": "8000"
                    }]
                  }
                }
              }
            }
          },
          "inferencemodule": {
            "version": "1.0",
            "type": "docker",
            "status": "running",
            "restartPolicy": "always",
            "env": {
              "IOTHUB_CONNECTION_STRING": {
                "value": "$IOTHUB_CONNECTION_STRING"
              },
              "LVA_MODE": {
                "value": "$LVA_MODE"
              }
            },
            "settings": {
              "image": "${MODULES.InferenceModule.amd64}",
              "createOptions": {
                "HostConfig": {
                  "LogConfig": {
                    "Type": "",
                    "Config": {
                      "max-size": "10m",
                      "max-file": "10"
                    }
                  },
                  "PortBindings": {
                    "5000/tcp": [{
                      "HostPort": "5000"
                    }],
                    "5558/tcp": [{
                      "HostPort": "5558"
                    }],
                    "44000/tcp": [{
                      "HostPort": "44000"
                    }]
                  },
                  "IpcMode": "host",
                  "runtime": "nvidia"
                }
              }
            }
          },
          "predictmodule": {
            "version": "1.0",
            "type": "docker",
            "status": "running",
            "restartPolicy": "always",
            "env": {
              "IOTHUB_CONNECTION_STRING": {
                "value": "$IOTHUB_CONNECTION_STRING"
              },
              "LVA_MODE": {
                "value": "$LVA_MODE"
              }
            },
            "settings": {
              "image": "${MODULES.PredictModule.gpuamd64}",
              "createOptions": {
                "HostConfig": {
                  "LogConfig": {
                    "Type": "",
                    "Config": {
                      "max-size": "10m",
                      "max-file": "10"
                    }
                  },
                  "PortBindings": {
                    "7777/tcp": [{
                      "HostPort": "7777"
                    }]
                  },
                  "IpcMode": "host",
                  "runtime": "nvidia"
                }
              }
            }
          },
          "avaedge": {
            "version": "1.1",
            "type": "docker",
            "status": "running",
            "restartPolicy": "always",
            "settings": {
              "image": "mcr.microsoft.com/media/video-analyzer:1",
              "createOptions": {
                "HostConfig": {
                  "LogConfig": {
                    "Type": "",
                    "Config": {
                      "max-size": "10m",
                      "max-file": "10"
                    }
                  },
                  "Binds": [
                    "/home/localedgeuser/samples/input:/var/media",
                    "/var/lib/videoanalyzer/:/var/lib/videoanalyzer"
                  ],
                  "IpcMode": "host",
                  "ShmSize": 1536870912
                }
              }
            },
            "env": {
              "LOCAL_USER_ID": {
                "value": "1010"
              },
              "LOCAL_GROUP_ID": {
                "value": "1010"
              }
            }
          },
          "rtspsim": {
            "version": "1.0",
            "type": "docker",
            "status": "running",
            "restartPolicy": "always",
            "settings": {
              "image": "${MODULES.RtspSimModule}",
              "createOptions": {
                "HostConfig": {
                  "Mounts": [{
                    "Target": "/live/mediaServer/media/upload",
                    "Source": "upload_data",
                    "Type": "volume"
                  }],
                  "LogConfig": {
                    "Type": "",
                    "Config": {
                      "max-size": "10m",
                      "max-file": "10"
                    }
                  },
                  "PortBindings": {
                    "554/tcp": [{
                      "HostPort": "554"
                    }]
                  }
                }
              }
            }
          },
          "uploadmodule": {
            "version": "1.0",
            "type": "docker",
            "status": "running",
            "restartPolicy": "always",
            "settings": {
              "image": "${MODULES.UploadModule}",
              "createOptions": {
                "HostConfig": {
                  "Mounts": [{
                    "Target": "/app/upload",
                    "Source": "upload_data",
                    "Type": "volume"
                  }],
                  "LogConfig": {
                    "Type": "",
                    "Config": {
                      "max-size": "10m",
                      "max-file": "10"
                    }
                  },
                  "PortBindings": {
                    "7000/tcp": [{
                      "HostPort": "7000"
                    }]
                  }
                }
              }
            }
          },
          "modelmanager": {
            "version": "1.1",
            "type": "docker",
            "status": "running",
            "restartPolicy": "always",
            "startupOrder": 0,
            "settings": {
              "image": "${MODULES.ModelManagerModule}",
              "createOptions": {
                "HostConfig": {
                  "Mounts": [{
                    "Target": "/workspace",
                    "Source": "ovmsworkspace",
                    "Type": "volume"
                  }],
                  "PortBindings": {
                    "8585/tcp": [{
                      "HostPort": "8585"
                    }]
                  },
                  "LogConfig": {
                    "Type": "",
                    "Config": {
                      "max-size": "10m",
                      "max-file": "10"
                    }
                  }
                }
              }
            }
          },
          "ovmsserver": {
            "version": "1.1",
            "type": "docker",
            "status": "running",
            "restartPolicy": "always",
            "startupOrder": 1,
            "settings": {
              "image": "openvino/model_server",
              "createOptions": {
                "ExposedPorts": {
                  "9001/tcp": {},
                  "8001/tcp": {}
                },
                "Cmd": [
                  "/ovms/bin/ovms --config_path /workspace/config.json --port 9001 --rest_port 8001 --log_level DEBUG"
                ],
                "Entrypoint": [
                  "sh",
                  "-c"
                ],
                "HostConfig": {
                  "Mounts": [{
                    "Target": "/workspace",
                    "Source": "ovmsworkspace",
                    "Type": "volume"
                  }],
                  "PortBindings": {
                    "9001/tcp": [{
                      "HostPort": "9001"
                    }],
                    "8001/tcp": [{
                      "HostPort": "8001"
                    }]
                  },
                  "LogConfig": {
                    "Type": "",
                    "Config": {
                      "max-size": "10m",
                      "max-file": "10"
                    }
                  }
                }
              }
            }
          }
        }
      }
    },
    "$edgeHub": {
      "properties.desired": {
        "schemaVersion": "1.0",
        "routes": {
          "AVAToHub": "FROM /messages/modules/avaedge/outputs/* INTO $upstream",
          "metrics": "FROM /messages/modules/inferencemodule/outputs/metrics INTO $upstream",
          "InferenceToLVA": "FROM /messages/modules/inferencemodule/outputs/InferenceToLVA INTO BrokeredEndpoint(\"/modules/lvaEdge/inputs/recordingTrigger\")"
        },
        "storeAndForwardConfiguration": {
          "timeToLiveSecs": 7200
        }
      }
    },
    "webmodule": {
      "properties.desired": {}
    },
    "VisionSampleModule": {
      "properties.desired": {}
    },
    "avaedge": {
      "properties.desired": {
        "ProvisioningToken": "$AVA_PROVISIONING_TOKEN",
        "ApplicationDataDirectory": "/var/lib/videoanalyzer",
        "DiagnosticsEventsOutputName": "diagnostics",
        "OperationalEventsOutputName": "operational",
        "LogLevel": "information",
        "LogCategories": "Application,Events",
        "AllowUnsecuredEndpoints": true,
        "TelemetryOptOut": false
      }
    }
  }
}