{
  "$schema-template": "2.0.0",
  "modulesContent": {
    "$edgeAgent": {
      "properties.desired": {
        "schemaVersion": "1.0",
        "runtime": {
          "type": "docker",
          "settings": {
            "minDockerVersion": "v1.25",
            "loggingOptions": "",
            "registryCredentials": {}
          }
        },
        "systemModules": {
          "edgeAgent": {
            "type": "docker",
            "settings": {
              "image": "mcr.microsoft.com/azureiotedge-agent:1.0.9.5",
              "createOptions": "{}"
            }
          },
          "edgeHub": {
            "type": "docker",
            "status": "running",
            "restartPolicy": "always",
            "settings": {
              "image": "mcr.microsoft.com/azureiotedge-hub:1.0",
              "createOptions": "{\"HostConfig\":{\"PortBindings\":{\"5671/tcp\":[{\"HostPort\":\"5671\"}],\"8883/tcp\":[{\"HostPort\":\"8883\"}],\"443/tcp\":[{\"HostPort\":\"443\"}]}}}"
            }
          }
        },
        "modules": {
          "NginxModule": {
            "version": "1.0",
            "type": "docker",
            "status": "running",
            "restartPolicy": "always",
            "settings": {
              "image": "intelligentedge/nginxmodule:0.1.31-amd64",
              "createOptions": "{\"HostConfig\":{\"PortBindings\":{\"8181/tcp\":[{\"HostPort\":\"8181\"}]}}}"
            }
          },
          "WebModule": {
            "version": "1.0",
            "type": "docker",
            "status": "running",
            "restartPolicy": "always",
            "env": {
              "TRAINING_KEY": {
                "value": "<Training API Key>"
              },
              "ENDPOINT": {
                "value": "<Training Endpoint>"
              },
              "DBNAME": {
                "value": "vision_on_edge"
              },
              "DBHOST": {
                "value": "172.18.0.1"
              },
              "DBUSER": {
                "value": "vision_on_edge"
              },
              "DBPASS": {
                "value": "vision_on_edge"
              }
            },
            "settings": {
              "image": "intelligentedge/webmodule:0.1.31-amd64",
              "createOptions": "{\"HostConfig\":{\"PortBindings\":{\"8000/tcp\":[{\"HostPort\":\"8000\"}]}}}"
            }
          },
          "WebDBModule": {
            "version": "1.0",
            "type": "docker",
            "status": "running",
            "restartPolicy": "always",
            "env": {
              "POSTGRES_PASSWORD": {
                "value": "vision_on_edge"
              },
              "POSTGRES_USER": {
                "value": "vision_on_edge"
              },
              "POSTGRES_DB": {
                "value": "vision_on_edge"
              }
            },
            "settings": {
              "image": "intelligentedge/webdbmodule:0.1.31-amd64",
              "createOptions": "{\"HostConfig\":{\"PortBindings\":{\"5432/tcp\":[{\"HostPort\":\"5432\"}]}}}"
            }
          },
          "InferenceModule": {
            "version": "1.0",
            "type": "docker",
            "status": "running",
            "restartPolicy": "always",
            "env": {
              "IOTHUB_CONNECTION_STRING": {
                "value": "$IOTHUB_CONNECTION_STRING"
              },
              "IS_OPENCV": {
                "value": "true"
              }
            },
            "settings": {
              "image": "intelligentedge/inferencemodule:0.1.31-<cpu or gpu>amd64",
              "createOptions": "{\"HostConfig\":{\"PortBindings\":{\"5000/tcp\":[{\"HostPort\":\"5000\"}],\"44000/tcp\":[{\"HostPort\":\"44000\"}],\"5558/tcp\":[{\"HostPort\":\"5558\"}]},\"IpcMode\":\"host\",\"runtime\":\"<Docker Runtime>\"}}"
            }
          },
          "CVCaptureModule": {
            "version": "1.0",
            "type": "docker",
            "status": "running",
            "restartPolicy": "always",
            "settings": {
              "image": "intelligentedge/cameramodule:0.1.31-amd64",
              "createOptions": "{\"HostConfig\":{\"PortBindings\":{\"9000/tcp\":[{\"HostPort\":\"9000\"}],\"5559/tcp\":[{\"HostPort\":\"5559\"}]},\"runtime\":\"runc\"}}"
            }
          },
          "rtspsim": {
            "version": "1.0",
            "type": "docker",
            "status": "running",
            "restartPolicy": "always",
            "settings": {
              "image": "intelligentedge/rtspsimmodule:0.1.31-amd64",
              "createOptions": "{\"HostConfig\":{\"PortBindings\":{\"554/tcp\":[{\"HostPort\":\"554\"}]}}}"
            }
          }
        }
      }
    },
    "$edgeHub": {
      "properties.desired": {
        "schemaVersion": "1.0",
        "routes": {
          "metrics": "FROM /messages/modules/InferenceModule/outputs/metrics INTO $upstream",
          "InferenceToLVA": "FROM /messages/modules/InferenceModule/outputs/InferenceToLVA INTO BrokeredEndpoint(\"/modules/lvaEdge/inputs/recordingTrigger\")"
        },
        "storeAndForwardConfiguration": {
          "timeToLiveSecs": 7200
        }
      }
    },
    "WebModule": {
      "properties.desired": {}
    },
    "VisionSampleModule": {
      "properties.desired": {}
    }
  }
}
